no,theme_en,theme_ja,title_en,title_ja,spiritual_meaning,positive,reverse,spiritual_level,daily_level,description,url_positive,url_reverse
1,Gateway,ゲートウェイ,,,Initiation / Time of Transition / Turning Point,The Beginning / Focus Point / Entry / A New Phase,Breaking Old Agreements / Stagnation / Resistance to the Self / Blockage,The Path Between Dimensions,Gateway / Entrance,"We enter the dimension of the Sun and Moon through one of the 12 Logos. This card symbolizes the beginning of each soul's journey in this dimension. The sun is embraced by an upward-facing crescent moon, and the central circle represents the Logos. Attached to the circle representing the Logos are space, time, and consciousness. The two symmetrically depicted torches are two souls combined to radiate Christ consciousness into this third dimension. First, the united souls each form an incarnation (timeline) on Earth as an Oversoul, and then radiate Christ consciousness through the seven bodies, which are the human experience itself. The heptagram is the symbol of the seven bodies. The bisected pyramid with the all-seeing eye is the Akashic Records and the Book of Life. The Akashic symbol drawn on the central horizontal line represents the fundamental purpose of each soul when residing in human form. That is to radiate the energy of JOY into the reality of this dimension. The letter inside the triangle is the symbol of the lineage of the Knowing Way, representing the path of truth and light, and the number 1 indicates the arrival of a new opportunity and a beginning.",https://drive.google.com/file/d/1b2s5fzuy_vL3GcPesMkIc9Kv0uS0PQww,https://drive.google.com/file/d/1OIQWtUIfP2pkXQ_McqviZkt37K3u9aE_/view?usp=sharing
2,Balance,バランス,,,The Middle Way / Neither Here Nor There,Neutral / Unbiased / Centered,"Controlling Fundamental Forces to Achieve Intentions / Conflict, Bias / Ungrounded / Caught in Drama",Knowing Beyond the Need for Balance,Equalizing Opposing Forces to Embody True Balance,"Ten sequential pentagrams lead to a central hexagram representing balanced masculine and feminine energies. The mystical, masculine oval on the left is perfectly balanced with the honeycomb-like feminine yoni on the right. Below, the purpose of both is depicted, with masculine and feminine represented by the exact same symbol. Perseus is the masculine, and Pegasus is the feminine. As combined souls, we naturally seek partnership in expressing and observing ourselves. This is most easily achieved through consistency (feminine) and decision (masculine). After Perseus is banished to a world where achievement is demanded, the masculine and feminine roles reverse. Through the divine intervention of Pegasus, Perseus is able to complete his path. To do so, Perseus must set aside his fragile ego and allow Pegasus to carry him. Having fulfilled their destiny to become a single expressive entity, the two are depicted calmly in the center of the card. The character symbols on the left and right are the balanced resonance of animal and divine power. The triangle at the bottom shows the ratio of power and force balanced within monism and dualism.",https://drive.google.com/file/d/1CU5L8iXRiFtpSMil-UOyRtz6qidCCDrr/view?usp=sharing,https://drive.google.com/file/d/1Z_J-05WaoUbNZUrMqq84vi0NoQKgGqBd/view?usp=sharing
3,Consciousness,意識,,,Mindfulness / Expansion of Mind / Eternal Wisdom,Intuition / Knowing / Revelation,Relying Only on Sensory Consciousness / Contracting Mind / Narrow Perspective / Dulled Intellect,Expansion of Precognition,Perception,"To be human is to combine eternal soul consciousness with the evolving sensory consciousness (spirit) of the body. When fully realized, eternal soul consciousness and evolving sensory consciousness cooperate to hold sovereignty over all energy forms in the reality of this dimension. At the moment of creation, the eternal energy body known as the soul is born, and it never ends. The soul transcends the limits of time and space. Therefore, the soul recognizes the Universal Mind as its guide. Soul consciousness retains the energy of every moment it has observed in Creation. The crown embracing the triangle represents the divine source from which consciousness was born. The triangle indicates that consciousness consists of three aspects. The yantra with color-inverted lotus flowers on the left and right, a symbol of balanced consciousness, represents two souls combined to create human consciousness. Consciousness as a human being is represented by the symbol in the center of the card. This single particle of consciousness contains the entire story of Creation within it. The lion represents time in the dimension of the Sun and Moon, and the stairs are symbols of the four ages that human civilization has experienced so far.",https://drive.google.com/file/d/1OFKGqgsiiBHygAZE7tBRuST90F9b4TzA/view?usp=sharing,https://drive.google.com/file/d/198KPy4rcYkq2iAkuA88urQrVo3IMVPWi/view?usp=sharing
4,Oversoul,オーバーソウル,,,Pairing / Integrated Collaboration,Guardian spirit of reincarnation / Sense of macro,"Sense of isolation, separation from all that is great, sense of micro",Unity in time and space,Integration of beliefs,"Two eternal souls with very similar harmonics combine to observe life forms in the dimension of Earth. At that time, each soul creates and exists as an Oversoul. The Oversoul knows that the 'time and space' in observation are a direct observation of the souls of themselves combined. It knows that all reincarnations are expressions of their own harmonics, and that they all exist simultaneously on linear time. In this state, the Oversoul reincarnates into each life as a way to integrate all observations. By setting one reincarnation as the primary timeline, it observes and directs other reincarnations from a single point of view of reality in this dimension. The crown chakra of the Oversoul is located at the point where the universe with 12 intelligences is connected. This is macro wisdom. In this state, the Oversoul connects with all that is great and accesses the intelligence of the Universal Mind. Awakened human beings who have reached enlightenment become a bridge connecting the hexagonal Akasha and the Universal Mind of 'creation' through the chakra system of the physical body. The letters drawn on this card represent alpha and omega, that is, the beginning and the end.",https://drive.google.com/file/d/1oP2G5hdUqU_D0vzZ_DxQj0UaxfRgTj_b/view?usp=sharing,https://drive.google.com/file/d/1zksB4XHKH8iaG_yoMUwzls-8TBdrG7aL/view?usp=sharing
5,Origins,始原,,,Manifestation of reality,"Dimension of home, starting point, zero point","Lack of determination to manifest intention, self-destruction, self-sabotage",The moment of the beginning of creation,Existing in the present moment without conflict,"The role of the eternal unchanging soul is to observe creation in dimensions in preparation for becoming a creator itself. The soul first selects the dimensional world to reincarnate into, and dwells in a body that can merge with the energy of that star system. That star becomes the home for the eternal soul. The soul contrasts the reality of all other dimensions it has stayed in with the reality of this home. The soul's original harmonics appear in different forms in each star system, and 'all that is great' provides the opportunity to perfectly observe creation. The upper circle is the boundary of this universe, and the Flower of Life surrounded by the circle is the creation of this universe itself. The two pillars on both sides represent consciousness in universal reality. Above the left pillar is the combined symbol of masculinity and femininity, and above the right pillar is a single star. Sitting on top of the inverted triangle-shaped masculine symbol with time and space and consciousness attached is a pregnant female Buddha. This represents that the state at the moment of beginning and the evolving energy are equivalent. Inside the symbol, a man is drawn overlapping a pentagram. It symbolizes the intention of consciousness in the physical world to 'govern time and space'.",https://drive.google.com/file/d/1ETGAN5giHbBnq35IrULQMhmTSdq84pCC/view?usp=sharing,https://drive.google.com/file/d/1fKDfXbnKjt9M3fPwPIuqSmQTDYIqRNVN/view?usp=sharing
6,Matrimony,婚姻,,,"Joy and sorrow, intimacy, familiarity / nostalgia","Integration, connection, inclusion, becoming companions, mixing together","Inappropriate union, division of agreement, isolation, anti-sociality, coldness",Combined eternal soul forming a Twin Flame,Requiring a strategic alliance,"To reincarnate into a dimension with time and space, the soul needs to combine with another soul that has very similar harmonics. The dove bringing its face close to the center of the silver earth symbolizes this. Combining prevents the soul from falling into the pitfalls of the real world. The soul can safely return to the spiritual dimension. The man and woman are wearing beautiful costumes, and the youthful trumpeter announces their marriage. The wall is a symbol of the path they walk together in time and space. The Celtic knot ties together the dualistic aspects of 'joy and sorrow' that marriage will bring. This card also represents personal relationships between people. Intimacy plays an important role in human relationships, which are places for mutual energy exchange. Such sharing also applies to people who care for each other having shared past lives, or people who share something like having the same interests at present. Even in society, the expression 'to marry' is used with ideas, ideals, and causes raised by closely connected communities.",https://drive.google.com/file/d/1GiE8mJWkhhCSNhXOwCpV8bf9G2ODkZpN/view?usp=sharing,https://drive.google.com/file/d/1YPW6vR6z7262_E8PM8uISWeHLYPAKFFr/view?usp=sharing
7,Guides,ガイド,,,"Awakened cooperative system, conscious partnership","Cooperation, support, purpose","Reckless independence, egocentricity, disapproval, non-acceptance",Selfless support,Leader / Guide,"When we come to Earth, we first pass through one of the 12 Logos. Then we combine with another soul to begin the primary reincarnation. The characteristics of the Logos we chose to pass through will also affect other reincarnations created by our Oversoul while we exist on Earth. Also, each time we reincarnate, the Oversoul selects beings to guide us in advance. The group of guides usually changes for each reincarnation, and consists of Earth-born soul beings, avatars, angelic beings, and elemental beings. These watchers, guardian beings, and helpers pilot us in various ways as we proceed together through the maze of time and space. They undoubtedly help us who live our lives reacting to our choices. Seven helpers surround a child standing on the maze. One of them represents the Logos passed through when coming to Earth. The four-axis wheel symbolizes purpose, and the three swirls symbolize the mission of the soul. That is to observe this world without prejudice through body, mind, and spirit. The symbol drawn below will open your consciousness to a meditative state where you can consciously interact with your guides.",https://drive.google.com/file/d/1Dzauez_IYYesdKGVrJs5tMdPo3Rvw7jX/view?usp=sharing,https://drive.google.com/file/d/1dP1nn-XA3HPBovBX6SFJLlcjLUcu-LER/view?usp=sharing
8,Survival,生き残り,,,"Grounding, focused vision","Strategy, goal, patience / result","Lack of resolution and motivation, lack of direction, short-sighted, rash and indiscreet, limited",Patience / Endurance,Strategy,"The sensory consciousness of the human physical body has an urge to constantly continue to exist in time and space so that humanity can advance further. From a very young age, we are taught strategies for survival. And we continue to use those behavioral tactics throughout our lives. When the evolving spirit of humans, which is the sensory consciousness of the continuing physical body, discovers that it cannot survive without a soul, a very deep core conflict is born there. This core conflict is symbolized by the soul, represented by the Aztec figure in the center of the card, being connected to a human fetus. The two pyramids drawn with a comet flowing from the Pleiades to our solar system are the past and the future. The five palm trees are the five civilizations that have developed since the soul began to dwell in Earthly forms. This card is also a card of patience. The power to thrive even in adversity - the ability not to lose individual wisdom even when adversity blows in the environment or society. Having your feet firmly on the ground and not losing yourself can be said to be true patience.",https://drive.google.com/file/d/1AUM-xt-G6wuVH6ILrpZGDXejsl1ktvpY/view?usp=sharing,https://drive.google.com/file/d/1Dtj8P_k-NXB8pUmuMVCOi5-Ny1O52UCg/view?usp=sharing
9,Sovereignty,自主独立,,,Power / Focus of intent,"Centered, aligned, focused, confident","Misguided use of power, scattered focus",Manifestation through focused intent,Directing life force energy,"True power lies in the alignment of one's physical reality with the soul's divine intent. By focusing attention on a singular goal, energy flows without resistance. This card represents the channeling of universal life force to create tangible results in the physical dimension. When focused and grounded, human beings act as conduits for higher consciousness. This alignment empowers the individual to act decisively, bringing abstract ideas into material existence.",https://drive.google.com/file/d/1AtTuFHssT-_UsznGJ4_BMNH4gApQLzHH/view?usp=sharing,https://drive.google.com/file/d/1Q9aJGI8HwKtUFasb8ZcMSb-79bu3zA74/view?usp=sharing
10,Hereafter,ここから先,,,Transition / Evolution of consciousness,"Adaptability, embracing change, moving forward","Fear of the unknown, stagnation, clinging to the past",Ascension of the soul,Navigating life changes,"Evolution requires the willingness to let go of old forms and embrace the new. The soul is constantly expanding through experiences in time and space. This card signifies a critical juncture where consciousness shifts to a higher frequency. It encourages embracing the unknown, trusting the guidance of the Oversoul, and allowing transformation to unfold naturally.",https://drive.google.com/file/d/1-V-VXZkn9oMaewHcJTFzWRgpXd3uR91g/view?usp=sharing,https://drive.google.com/file/d/1Ve3PN-Cu1Ntb2bZ4SzsPffUAhU1VfN3w/view?usp=sharing
11,Magician,魔術師,,,Balance / Cosmic harmony,"Equilibrium, fairness, centeredness, inner peace","Imbalance, extreme views, instability",Alignment with universal law,Creating stability in daily life,"The universe operates on principles of perfect balance and harmony. To reflect this cosmic order, one must find equilibrium within. This card represents the integration of opposites—light and dark, masculine and feminine, action and stillness. Achieving inner harmony allows the soul to navigate the physical world with grace and wisdom.",https://drive.google.com/file/d/1LuZfUI4TKR7IDrKUVeEVRWje-54nrxGI/view?usp=sharing,https://drive.google.com/file/d/1eDN0cCPzbAzu1h2f8zzCKNqxLa9jLuV2/view?usp=sharing
12,Mind,精神,,,Healing / Restoration of wholeness,"Recovery, self-care, renewal, clearing blockages","Ignoring pain, resisting healing, holding onto trauma",Cleansing the energetic body,Physical and emotional recovery,"Healing is the process of returning to the original, perfect state of the soul. In the physical realm, trauma and dense energies can block the flow of life force. This card indicates a time for deep restoration. By releasing what no longer serves and allowing divine energy to permeate the body and mind, true wholeness can be reclaimed.",https://drive.google.com/file/d/1p1WtvEhwBbGr-b4HHVJAofphRMWjSxHa/view?usp=sharing,https://drive.google.com/file/d/1PTn1cKjQP7fvu4AIv-Z3f7_y-tmUUyTG/view?usp=sharing
13,Justice,正義,,,Illumination / Inner wisdom,"Clarity, insight, spiritual awakening, truth","Confusion, illusion, ignoring inner guidance",Connecting with the higher mind,Gaining understanding of a situation,"When the veil of illusion is lifted, the soul's infinite wisdom shines through. Illumination is the sudden realization of spiritual truth that transcends the limitations of the physical mind. This card heralds a moment of clarity and expanded awareness. Trust the insights that arise from within, as they are direct communications from the Oversoul.",https://drive.google.com/file/d/1Wpm0iFFk4cGl4284K7FWTRY0N-RQmNrU/view?usp=sharing,https://drive.google.com/file/d/1AfSNeVBFRGsw88p1wfNRsVrv-BRhUI2s/view?usp=sharing
14,Contemplate,観想,,,Creation / Birthing the new,"Creativity, inspiration, fertility, innovation","Creative block, lack of inspiration, barrenness",Co-creating with the divine,Starting a new project or phase,The impulse to create is a reflection of the Creator's nature. Every soul has the capacity to bring forth new forms and ideas into the physical world. This card signifies a fertile period where inspiration flows freely. It invites you to express your unique gifts and collaborate with universal energies to manifest your visions.,https://drive.google.com/file/d/1d0_VjHdq0lPKOVhWnBYkUUyMpEMaAT4M/view?usp=sharing,https://drive.google.com/file/d/14iaXiQ-t3KY5owiLylxiezmdNdyhLRY3/view?usp=sharing
15,Soul,魂,,,Connection / Web of life,"Interdependence, community, shared purpose, empathy","Isolation, feeling disconnected, self-absorption",Recognizing the unity of all beings,Building relationships and networks,"All life is interconnected through an invisible web of energy. This card reminds us that we are not isolated individuals, but integral parts of a vast cosmic community. By fostering genuine connections and acting with empathy, we strengthen the collective consciousness and contribute to the harmonious evolution of all.",https://drive.google.com/file/d/1nH2j-Ci3VpkJOrckNPZyjQ-Vdrr3oZTx/view?usp=sharing,https://drive.google.com/file/d/1tVd9zW5FJsyqMqVRsHXagb3g4eWpKMP5/view?usp=sharing
16,Death,死,,,Trust / Surrender to the flow,"Faith, letting go of control, inner peace","Anxiety, micromanaging, lack of faith",Yielding to divine timing,Releasing stress and worry,True spiritual power often requires relinquishing the need to control every outcome. Trusting the universe allows you to flow with the natural currents of life rather than struggling against them. This card indicates a need to surrender your personal agenda and have faith that the Oversoul is orchestrating events for your highest good.,https://drive.google.com/file/d/1_AcVIp62cp2TzROFJddLsG5ZZY0yPv5y/view?usp=sharing,https://drive.google.com/file/d/1AeRg_yGo3nvyiDnK_QPxL51eAHa3vMbz/view?usp=sharing
17,Voice,声,,,Reflection / The mirror of reality,"Self-awareness, introspection, recognizing projections","Denial, blaming others, lacking insight",Understanding the external world as an internal reflection,Taking responsibility for one's experiences,"The physical world acts as a mirror, reflecting our inner state of consciousness. What we see in others and experience in life often highlights what needs attention within ourselves. This card urges you to look inward and realize that by shifting your internal beliefs and emotions, your external reality will transform accordingly.",https://drive.google.com/file/d/1KTPFgwe0srX9Ru_XP3-NXjKXuBDlm20O/view?usp=sharing,https://drive.google.com/file/d/1aQWkGfJ-UUhSt5IL9_kYfqPC8moDP3hC/view?usp=sharing
18,Intention,意図,,,Courage / Overcoming fear,"Bravery, taking risks, stepping into the unknown","Cowardice, being paralyzed by fear, playing it safe",Trusting the soul's immortality,Facing challenges head-on,"Growth requires moving beyond the comfort zone. Fear is often an illusion created by the physical mind's instinct for survival. This card calls upon your innate courage to face the unknown. By trusting in your eternal nature, you can take bold steps forward and embrace the experiences your soul came here to have.",https://drive.google.com/file/d/19bXgpa4KC1xHvRBGGWYXklB4VsFExkJo/view?usp=sharing,https://drive.google.com/file/d/1bFgXAjj0kKOeXfiZv8sv8umeDE7o9z6i/view?usp=sharing
19,Omni,偏在する存在,,,Abundance / Universal flow,"Prosperity, gratitude, recognizing limitless resources","Scarcity mindset, greed, feeling deprived",Aligning with the frequency of plenty,Experiencing material and emotional wealth,"The universe is infinitely abundant, and there is more than enough for everyone. Scarcity is a limitation imposed by the mind. This card signifies a time to open yourself to receiving. By practicing gratitude and aligning with the frequency of abundance, you allow prosperity to flow freely into all areas of your life.",https://drive.google.com/file/d/1hWVACihrj8SrhU7gY17-9B3lAjJGXY9-/view?usp=sharing,https://drive.google.com/file/d/1PTgPOWpEYbreyEQGkuCxO7p7pyIfdPjr/view?usp=sharing
20,Wellness,健やかさ,,,Transformation / The alchemy of soul,"Metamorphosis, shedding old skins, profound change","Resisting change, feeling stuck, painful transitions",Transmuting dense energy into light,Undergoing significant life shifts,"Transformation is the alchemical process of turning the lead of dense human experience into the gold of spiritual wisdom. This card marks a period of profound metamorphosis. It requires releasing attachments to past identities and allowing the fire of transformation to burn away what is no longer needed, revealing your true essence.",https://drive.google.com/file/d/1koqXA7gkkzdteqG4o4qkzIAhyig2Vpha/view?usp=sharing,https://drive.google.com/file/d/1PTgPOWpEYbreyEQGkuCxO7p7pyIfdPjr/view?usp=sharingg
21,Commune,交流,,,Service / The path of the heart,"Compassion, selflessness, helping others, altruism","Martyrdom, self-neglect, acting from ego",Recognizing the divine in all,Contributing to the well-being of others,"True service arises not from a sense of obligation, but from a deep recognition of our shared divinity. When we serve others from the heart, we align with the highest vibrations of love. This card encourages you to offer your gifts and energy to support the collective, while ensuring you also maintain your own energetic boundaries and well-being.",https://drive.google.com/file/d/1KqXSGI0S3IMcbow08tyTHU6Gd1_XgKyk/view?usp=sharing,https://drive.google.com/file/d/1CnP_Lv832jr-NRpAj_V9EvYWjFol42Av/view?usp=sharing
22,Conflict,葛藤,,,Integration / Bringing it all together,"Synthesis, wholeness, alignment of mind, body, and spirit","Fragmentation, disjointed efforts, feeling scattered",Merging all aspects of the self,Harmonizing different areas of life,"Integration is the process of synthesizing all experiences, lessons, and aspects of the self into a cohesive whole. It is the realization that nothing is separate. This card suggests that you are entering a phase where the pieces of the puzzle are coming together. By harmonizing your thoughts, actions, and spiritual beliefs, you achieve a state of profound wholeness.",https://drive.google.com/file/d/1osaJtq752aRyJ_-XFu3DjFxOBQEwh8cw/view?usp=sharing,https://drive.google.com/file/d/1B1VC2ZeSBnGJyB63Ok-fRxnvDCZqy64i/view?usp=sharing
23,Imagination,想像力,,,Intuition / Inner knowing,"Trusting your gut, clear perception, spiritual insight","Ignoring intuition, overthinking, clouded judgment",Direct communication from the soul,Making decisions based on inner feelings,"Intuition is the language of the soul, bypassing the logical mind to deliver profound truths. This card encourages you to quiet the chatter of everyday life and listen to the subtle whispers within. By trusting your inner knowing, you align yourself with a higher perspective and navigate life's challenges with greater ease and accuracy.",https://drive.google.com/file/d/1vlUysAgCfmgmttCK6ZIbIM6_11EaXEUd/view?usp=sharing,https://drive.google.com/file/d/1IKDpRFFyflSGUuilaCdT3CqfBGSPhwR0/view?usp=sharing
24,Labor,労働,,,Patience / Divine timing,"Endurance, calmness, trusting the process","Impatience, forcing outcomes, frustration",Understanding the rhythm of the universe,Waiting for the right moment to act,The universe unfolds according to its own perfect rhythm. This card reminds you that forcing things before their time often leads to resistance and unnecessary struggle. Practice patience and trust that everything is happening exactly when it is supposed to. Allow the seeds you have planted to grow at their own natural pace.,https://drive.google.com/file/d/1AcyxEA3IR1QkiImp-2Q4G9JryJshb-pA/view?usp=sharing,https://drive.google.com/file/d/1e7rTAoEOmODJxMBx3SPuvyVNGCdZSXUo/view?usp=sharing
25,Entomb,埋葬,,,Forgiveness / Releasing the past,"Letting go of resentment, compassion, emotional freedom","Holding grudges, bitterness, being trapped by past hurts",Dissolving karmic ties,Healing relationships and finding peace,"Forgiveness is a powerful act of self-healing. Holding onto anger and resentment only binds you to the past and lowers your vibrational frequency. This card asks you to release old wounds, not to condone the actions of others, but to free yourself from their energetic grip. By forgiving, you open your heart to unconditional love.",https://drive.google.com/file/d/1-N_hboEdwD5-jJgFshnTUjQX3AFf1UnN/view?usp=sharing,https://drive.google.com/file/d/18rIEiM4QqjtfqfPsT8XMuGdWVhvMuUic/view?usp=sharing
26,Integration,統合,,,Authenticity / Living your truth,"Being genuine, speaking your truth, self-acceptance","Hiding your true self, trying to please others, wearing masks",Expressing the soul's unique signature,Honesty in actions and words,"Your soul has a unique frequency that can only be expressed when you are truly authentic. This card urges you to drop the masks you wear for society and embrace your true self. When you live in alignment with your inner truth, you radiate a powerful light that inspires others to do the same.",https://drive.google.com/file/d/160xDoeLqm0SHmRyqlhY6JO_GEG-zB1Fx/view?usp=sharing,https://drive.google.com/file/d/1M_ufRW_RP6gAHFYknwnJSXCixcNFZNQA/view?usp=sharing
27,Strategy,戦略,,,Gratitude / Appreciating the now,"Thankfulness, joy, recognizing blessings","Taking things for granted, focusing on what is lacking",Elevating your energetic vibration,Finding beauty in everyday moments,"Gratitude is one of the highest vibrational states you can embody. It acts as a magnet, drawing even more blessings into your life. This card reminds you to pause and appreciate the abundance that already surrounds you. By shifting your focus from what is lacking to what is present, you transform your reality instantly.",https://drive.google.com/file/d/1YdCynthJIqEinRUZsi_c5ZyE40nepKD6/view?usp=sharing,https://drive.google.com/file/d/1SZ8K7BK7PPfao1WTqqYyz-dYhnFC8O0o/view?usp=sharing
28,Vanity,虚飾,,,Resilience / Bouncing back,"Inner strength, overcoming adversity, adaptability","Giving up easily, feeling defeated, inflexibility",The soul's enduring power,Recovering from setbacks,Adversity is often the forge in which spiritual strength is tempered. This card represents your innate ability to recover from challenges and emerge even stronger. Trust in your resilience. Every setback is an opportunity for profound growth and a deeper understanding of your own indestructible nature.,https://drive.google.com/file/d/1uC5M3vkM6s0fffoFRcSyAnTarMLJpUr9/view?usp=sharing,https://drive.google.com/file/d/1Fh0WFvwpFZH0XU3ZnokooLCC--Kq0irq/view?usp=sharing
29,Antahkarana,アンタカラナ,,,Synchronicity / Meaningful coincidences,"Being in the flow, recognizing signs, universal alignment","Ignoring signs, feeling disconnected, random chaos",The universe speaking directly to you,Following the breadcrumbs of intuition,"Synchronicity is the universe's way of confirming that you are on the right path. This card encourages you to pay attention to the seemingly random coincidences in your life. These are not accidents, but meaningful signs and guideposts from the higher realms. Stay open and receptive to the subtle messages being sent your way.",https://drive.google.com/file/d/1B575k96C_iS9_vSfi3HqoYFeUWTWtBFU/view?usp=sharing,https://drive.google.com/file/d/1mAQSoc0IrO7AePYtIoqkSISqR2xdEpWg/view?usp=sharing
30,Soar,飛翔,,,Surrender / Letting go of ego,"Humility, yielding to a higher power, spiritual release","Ego-driven actions, stubbornness, resisting the inevitable",Aligning with the Divine Will,Accepting things as they are,"Surrender is not about giving up, but about relinquishing the ego's need to control. It is an act of profound trust in the intelligence of the universe. This card invites you to stop fighting against the current of your life. By letting go, you create space for miracles and solutions that the logical mind could never conceive.",https://drive.google.com/file/d/11uSEi3zZGGEJO7fwJHhjzxOx7oloebcX/view?usp=sharing,https://drive.google.com/file/d/1TlF334hE2uVNRCz3xoPibGccx_o13mXf/view?usp=sharing
31,Knowing,叡智,,,Joy / The vibration of the soul,"Happiness, playfulness, lightness of being","Sorrow, taking life too seriously, heaviness",Experiencing the natural state of spirit,Finding pleasure in simple things,"Joy is the natural state of the soul. It is a high-frequency energy that effortlessly dissolves fear and density. This card is a reminder to inject playfulness and laughter into your life. Don't take everything so seriously. By choosing joy, you elevate your consciousness and become a beacon of light for others.",https://drive.google.com/file/d/1uwWYM7wBsDpoSRScHiqpNNW9pgn0Z_cs/view?usp=sharing,https://drive.google.com/file/d/1yp27OfXRaMoV2Zv5Uo-knsWqntjZdZZs/view?usp=sharing
32,Harmony,ハーモニー,,,Wisdom / Applied knowledge,"Deep understanding, good judgment, learning from experience","Repeating mistakes, foolishness, ignoring lessons",Accessing the Akashic Records,Making informed and thoughtful choices,"Wisdom is the synthesis of knowledge and experience, illuminated by spiritual insight. This card suggests that you have gathered valuable lessons from your past. Now is the time to apply that deep understanding to your current situation. Trust your inner sage and draw upon the eternal wisdom stored within your soul.",https://drive.google.com/file/d/1zlpJwQxiupBLT1Ds9-plhv-B80Vn7AZx/view?usp=sharing,https://drive.google.com/file/d/1-lVCo_BizsGhV1fzJJ6UfnZNDbjjzWt6/view?usp=sharing
33,Ascension,アセンション,,,Ascension / Rising to a new level,"Spiritual elevation, enlightenment, expanding consciousness","Stagnation, fear of growing, being held back",Moving into higher dimensional awareness,A significant breakthrough or milestone,Ascension is the ultimate goal of the soul's journey through time and space—a complete shift into a higher state of consciousness. This card indicates a major spiritual milestone. You are elevating your vibration and stepping into a more expanded version of yourself. Embrace this transformation with an open heart and a clear mind.,https://drive.google.com/file/d/1O4Wat6_H2dkcQRcjId59Vvjb6tdtbtlg/view?usp=sharing,https://drive.google.com/file/d/1AN2Q179qAsPKmpGa4xzfKIkc3ei_J2U6/view?usp=sharing
0,Back,カード裏面,,,,,,,,,https://drive.google.com/file/d/1YHlrX8K2MpDSIuxwW_pRomNf02ymGzwn/view?usp=sharing,
